{
  "users": [
    {
      "id": 1,
      "name": "Juliet Oma",
      "email": "julie@yahoo.com",
      "number": "08100000000"
    },
    {
      "id": 2,
      "name": "James Williams",
      "email": "jameswilly@gmail.com",
      "number": "08111111111"
    },
    {
      "id": 3,
      "name": "Ahmed Ali",
      "email": "ahmedali012@gmail.com",
      "number": "09022222222"
    },
    {
      "id": 4,
      "name": "Grace Funsho",
      "email": "gracefunsho@gmail.com",
      "number": "09033333333"
    }
  ]
}
